regret,regret_ref,regret_amine,regret_oxy,regret_clc,decision
117.98945676553056,135.84170197675144,143.1613547839762,117.98945676553056,0.0,oxy
88.38591259841209,0.0,95.2757236195099,88.38591259841209,24.608309326785673,oxy
74.57983911115352,186.16567385218335,118.48660449156161,74.57983911115352,0.0,oxy
182.13994344423617,0.0,213.47889124486085,182.13994344423617,119.95259392844282,oxy
50.600299687800245,27.779154299916193,145.15835390943639,50.600299687800245,0.0,oxy
292.5089850886999,0.0,336.38381448537064,292.5089850886999,202.6820718360077,oxy
231.2685951591221,0.0,312.8577624465322,231.2685951591221,84.89606010879086,oxy
117.70576110229763,94.91378956409426,185.73283614554123,117.70576110229763,0.0,oxy
63.02252968508344,59.39323183389132,98.41886808137292,63.02252968508344,0.0,oxy
74.00095233798599,215.36891808892653,180.70570022920853,74.00095233798599,0.0,oxy
67.70359383011504,314.80638101878293,172.6072747750445,67.70359383011504,0.0,oxy
220.5929140496703,0.0,263.8037278883448,220.5929140496703,124.92774628893784,oxy
142.9562487416961,0.0,212.7184395657989,142.9562487416961,100.67125995355615,oxy
186.83572236183522,0.0,233.006858436271,186.83572236183522,74.40955175599872,oxy
109.45363618096852,128.54741341841614,72.1712266781449,109.45363618096852,0.0,oxy
82.3264812718955,83.07642375504169,118.82428722096584,82.3264812718955,0.0,oxy
84.07773492805843,5.039317941847827,76.2756610581645,84.07773492805843,0.0,oxy
191.8213641366949,0.0,219.90280617758435,191.8213641366949,77.32547362590776,oxy
231.8666820125432,0.0,247.84485830634893,231.8666820125432,138.93973768664753,oxy
128.63817591795362,174.18836033801256,210.3254946327644,128.63817591795362,0.0,oxy
114.16042710100658,205.53824615850198,133.9874413879387,114.16042710100658,0.0,oxy
105.13522347557675,59.34068315742688,28.58848324309426,105.13522347557675,0.0,oxy
162.91917427911704,0.0,109.41756602891172,162.91917427911704,31.648542191100205,oxy
232.8737189868956,0.0,325.26313810768596,232.8737189868956,158.99890119274883,oxy
111.58218043766931,0.0,158.34616051879416,111.58218043766931,19.497357257795386,oxy
275.94088801291616,0.0,307.52935774457626,275.94088801291616,184.47245368931382,oxy
102.64774244648186,135.52728698478907,75.48927961774974,102.64774244648186,0.0,oxy
106.59314660047949,72.19103284705255,137.09046649282732,106.59314660047949,0.0,oxy
167.3390576997758,0.0,156.1579193648711,167.3390576997758,21.226320073827168,oxy
200.1196311911815,0.0,241.75324149291725,200.1196311911815,128.8080249497557,oxy
82.3744973915372,219.7741362279677,92.37438414417244,82.3744973915372,0.0,oxy
101.16543077454884,203.35639569262952,169.0052599220755,101.16543077454884,0.0,oxy
96.44078657377653,160.01184145485354,71.4225588178091,96.44078657377653,0.0,oxy
0.0,8.285474029512216,14.039456796406625,9.601397453687753,0.0,clc
34.21158922967879,0.0,20.289562887371403,20.220356927332375,34.21158922967879,clc
0.0,22.516902076930922,10.613541126251384,0.46483457137069983,0.0,clc
67.0059993440238,0.0,64.33437674094806,57.131680477725865,67.0059993440238,clc
27.670479596161663,0.0,32.38738735884702,10.19973025480639,27.670479596161663,clc
83.58002360385422,0.0,102.37119209480045,90.31135005919452,83.58002360385422,clc
52.60142333232102,0.0,122.36258803491492,94.03285011393464,52.60142333232102,clc
2.0630383439493016,0.0,66.93293617596669,40.94063579829049,2.0630383439493016,clc
21.19640337641175,0.0,10.262672879146237,2.7912633431920995,21.19640337641175,clc
3.7984558699413,28.9106722469615,26.50298516691593,0.0,3.7984558699413,clc
0.0,66.7317418747496,34.28659263103337,1.4611946038855166,0.0,clc
60.70385632616306,0.0,62.059786196757074,54.150324637465545,60.70385632616306,clc
56.66112784759002,0.0,49.53215346384279,34.28556877967824,56.66112784759002,clc
43.72125123071848,0.0,67.84768088101389,57.34947024861266,43.72125123071848,clc
7.829260894611167,7.062898459743792,0.0,18.260340016805372,7.829260894611167,clc
10.873646810978443,0.0,11.039252734265176,3.9324816576096566,10.873646810978443,clc
33.399663885475604,0.0,23.870045511873997,28.084850645861536,33.399663885475604,clc
42.866071657203065,0.0,70.1192094309589,63.557922443362145,42.866071657203065,clc
82.10943895632101,0.0,93.0381089911707,90.67554441113272,82.10943895632101,clc
0.0,2.7681233488378894,36.27110013546553,14.715184152666325,0.0,clc
0.0,43.7830088185535,31.4968014524662,27.83252555002349,0.0,clc
17.486685547168975,7.441518131679999,0.0,27.464986710499034,17.486685547168975,clc
32.59850104743862,0.0,31.024069926367474,53.25359577686004,32.59850104743862,clc
81.84827964697504,0.0,114.95759421610381,84.35697600196335,81.84827964697504,clc
36.59599557272617,0.0,57.72181122872399,45.31264062765109,36.59599557272617,clc
71.46762382415554,0.0,84.14739448024432,77.27199558743055,71.46762382415554,clc
20.237591125387915,8.291375135048312,0.0,9.185770738500302,20.237591125387915,clc
0.0,9.908505152830458,30.778518598888695,23.233151960190412,0.0,clc
21.703574630759363,0.0,60.400155950041835,70.73091604150233,21.703574630759363,clc
58.092954950884405,0.0,61.15575748529312,51.50988176726668,58.092954950884405,clc
0.0,71.8359649903789,17.246898341756946,16.95675821353086,0.0,clc
0.0,39.25923163923504,41.03455843427781,18.063284357331938,0.0,clc
6.3950484634258284,20.793188370927847,0.0,12.328536338339996,6.3950484634258284,clc
78.07345277351357,66.29908658353895,78.07345277351357,68.37620872637657,0.0,amine
52.71688109362586,0.0,52.71688109362586,52.21489199298503,28.355980138670873,amine
62.01813195005731,89.31107494498065,62.01813195005731,38.40363106413563,0.0,amine
138.61453174884738,0.0,138.61453174884738,122.72805019606986,95.90855101148938,amine
78.81923229943231,0.0,78.81923229943231,24.526953917333465,8.171372613596684,amine
198.2226944140191,0.0,198.2226944140191,174.3391676879619,122.38765249572157,amine
213.56443856874236,0.0,213.56443856874236,163.39684887380074,63.529256446170564,amine
124.35049598250873,14.226670533479023,124.35049598250873,80.97974705087108,0.0,amine
40.981222404603585,17.07848218384038,40.981222404603585,23.203023376712082,0.0,amine
97.25265196366905,102.90155657661862,97.25265196366905,34.71862847108876,0.0,amine
102.51335291557511,167.4319741578001,102.51335291557511,36.44212287590486,0.0,amine
157.3463440222595,0.0,157.3463440222595,136.82948788422743,91.96773686787677,amine
124.69386802277198,0.0,124.69386802277198,86.01549670351085,77.16232195527108,amine
152.00880138200944,0.0,152.00880138200944,128.00924992649647,63.59985179475953,amine
30.25737858060822,43.32018074090763,30.25737858060822,63.41813164119978,0.0,amine
55.95420273583285,29.403604890595417,55.95420273583285,38.43095171443484,0.0,amine
56.55109717294387,0.0,56.55109717294387,66.11894930017787,26.145690612051823,amine
118.16608927885443,0.0,118.16608927885443,106.37527525985433,32.15817084971911,amine
170.10277785586493,0.0,170.10277785586493,165.2115982678165,111.08099381108502,amine
120.26787949174013,48.8121912825427,120.26787949174013,73.69463132211217,0.0,amine
81.58997477621762,103.26402249997531,81.58997477621762,74.50962199296649,0.0,amine
4.180585635690733,19.756272959961507,4.180585635690733,61.1016624685638,0.0,amine
61.5153312498922,0.0,61.5153312498922,104.97573778486225,23.823279035862697,amine
216.84592424769934,0.0,216.84592424769934,158.63947987028754,116.63837061277681,amine
119.00430370286819,0.0,119.00430370286819,92.98397502169792,40.328645902079245,amine
183.2547673369454,0.0,183.2547673369454,167.85762999451055,118.08028997413773,amine
23.02710657453902,43.69452953554797,23.02710657453902,45.397889269427985,0.0,amine
82.97413590001725,43.39382276265786,82.97413590001725,68.11434307617151,0.0,amine
101.71772151563619,0.0,101.71772151563619,118.39058673742261,15.950330105187732,amine
135.84245817142948,0.0,135.84245817142948,114.00743582168036,79.84714057910702,amine
55.380937998137256,149.90885545929922,55.380937998137256,54.38453110363446,0.0,amine
106.12486667290976,102.92754832569112,106.12486667290976,64.2142710049992,0.0,amine
31.273776761104486,71.81252305613343,31.273776761104486,54.763644646298985,0.0,amine
34.09810784395097,45.16884360415105,44.131965864333154,34.09810784395097,0.0,oxy
36.93384191457241,0.0,38.46219042060619,36.93384191457241,34.56935868835757,oxy
17.05339361407065,74.0369581277323,34.75385386917584,17.05339361407065,0.0,oxy
83.68996192926926,0.0,96.8475593644996,83.68996192926926,75.47356155952322,oxy
5.343629484240232,0.0,42.53939902123658,5.343629484240232,7.775174696724214,oxy
174.5563704712912,0.0,194.97232055115558,174.5563704712912,147.4594980390268,oxy
142.08793984486275,0.0,185.55373679708603,142.08793984486275,72.33214889460206,oxy
65.25697383304066,85.13618413174459,103.49622794154914,65.25697383304066,0.0,oxy
3.4595393018875598,0.0,17.160717104300033,3.4595393018875598,4.009664455855329,oxy
14.605216467039561,82.94856014950624,57.88023150931785,14.605216467039561,0.0,oxy
18.344189822411465,160.61844874601263,68.43758427988652,18.344189822411465,0.0,oxy
86.89189169651179,0.0,102.23376462075684,86.89189169651179,73.04938747807321,oxy
58.69462529274715,0.0,84.79034759200155,58.69462529274715,66.47900412006025,oxy
80.61771661817771,0.0,99.17965550414141,80.61771661817771,44.29694033801363,oxy
37.957347364666305,66.2618790142017,15.957291623709636,37.957347364666305,0.0,oxy
11.915136435587527,13.658373129165767,25.42926452543952,11.915136435587527,0.0,oxy
25.47997255524379,0.0,20.893640952813058,25.47997255524379,11.252816129747941,oxy
150.3289360189732,0.0,164.28267851316514,150.3289360189732,104.9374860028023,oxy
129.95912584698982,0.0,136.27978066032708,129.95912584698982,98.15715176250424,oxy
42.46800650004184,96.22317471877727,77.8801137416707,42.46800650004184,0.0,oxy
52.91554276432902,124.77377129438088,61.65841260465402,52.91554276432902,0.0,oxy
37.68306984365918,17.427994499636412,0.0,37.68306984365918,6.360430682999208,oxy
92.31058639975686,0.0,63.92096797350945,92.31058639975686,46.028747656161784,oxy
129.16178033986813,0.0,175.74411258508167,129.16178033986813,109.36584851264892,oxy
44.090594588411165,0.0,64.83545171707578,44.090594588411165,15.012622634105355,oxy
136.38106899075848,0.0,149.26142860809455,136.38106899075848,109.90051278366072,oxy
13.171990061900388,34.64195635627344,0.824007374443184,13.171990061900388,0.0,oxy
45.0910081383621,20.587852513487007,58.83639975343232,45.0910081383621,0.0,oxy
110.97619128076332,0.0,101.79720662932783,110.97619128076332,33.123220092375504,oxy
103.05190346797622,0.0,120.17094338787058,103.05190346797622,92.41452578338766,oxy
33.2497841522312,106.68377882193255,37.58437804035793,33.2497841522312,0.0,oxy
39.55318712462383,114.58493060768319,74.5867578024706,39.55318712462383,0.0,oxy
28.477797348128746,73.28892200026559,14.108715714531854,28.477797348128746,0.0,oxy
33.81600390163533,33.15052856703812,41.47002942019412,33.81600390163533,0.0,oxy
32.36907467146611,0.0,33.056389899254924,32.36907467146611,31.848592581315017,oxy
15.575122806993864,49.98041850792171,31.76227123443499,15.575122806993864,0.0,oxy
84.04267745767369,0.0,95.4487297342599,84.04267745767369,79.02820609447637,oxy
15.538232968474443,0.0,51.06793312246648,15.538232968474443,19.77735989283633,oxy
125.9218555928702,0.0,143.98252677590006,125.9218555928702,100.25695895121953,oxy
123.99147890608529,0.0,163.39283909619164,123.99147890608529,57.35160878256653,oxy
57.345239535101996,5.624696009075819,92.40173080219608,57.345239535101996,0.0,oxy
3.5963299163576607,0.0,15.830634127020517,3.5963299163576607,5.507820199295168,oxy
11.43618149765295,56.85778855171516,53.13021377155978,11.43618149765295,0.0,oxy
15.968183045954078,110.08361662138574,63.695818886665734,15.968183045954078,0.0,oxy
86.3139624811877,0.0,99.87980566562557,86.3139624811877,73.00594383980149,oxy
54.447271715301895,0.0,79.43472133936845,54.447271715301895,64.73294072477363,oxy
85.84442113624699,0.0,102.64696051053522,85.84442113624699,51.85010736514427,oxy
32.9129521127397,18.814068805910182,9.10552981940964,32.9129521127397,0.0,oxy
10.870502321444235,5.504619280793008,22.80880682504406,10.870502321444235,0.0,oxy
42.91302317774128,0.0,37.13567857321476,42.91302317774128,30.36769870681394,oxy
81.77082681785066,0.0,92.00451912570827,81.77082681785066,37.75862414140465,oxy
122.70985134308916,0.0,127.15409852825151,122.70985134308916,94.74705412230506,oxy
38.71880888949022,22.26149868728396,71.71582889933154,38.71880888949022,0.0,oxy
47.90712553317263,70.65390043465891,54.16000807080502,47.90712553317263,0.0,oxy
39.038839739398696,10.881746520508585,0.0,39.038839739398696,8.138080911278706,oxy
74.5347882203638,0.0,44.155549290735905,74.5347882203638,28.72420034079977,oxy
116.09079792593299,0.0,159.5837580331455,116.09079792593299,96.92086817577113,oxy
64.88809644328555,0.0,83.77135338552611,64.88809644328555,38.10903439502641,oxy
114.43273806975292,0.0,125.51400866006834,114.43273806975292,90.84272658631023,oxy
13.700700150250803,13.231243714875745,0.0,13.700700150250803,2.8322706585561264,oxy
42.13830662484304,24.73893931915137,53.788876678937584,42.13830662484304,0.0,oxy
91.16986095304725,0.0,79.224875358102,91.16986095304725,18.866617389594637,oxy
76.8059884975014,0.0,92.12567093218229,76.8059884975014,67.00658205685107,oxy
33.13873125474379,107.21053658673009,34.603769034907316,33.13873125474379,0.0,oxy
37.794682533847805,67.70206679264294,70.11017676845275,37.794682533847805,0.0,oxy
26.33786578325139,39.408210108494536,10.062817538807227,26.33786578325139,0.0,oxy
0.0,19.55426863422545,18.547736692326822,9.799053572198233,0.0,clc
35.548088089203674,0.0,24.344699224718852,22.70344611433046,35.548088089203674,clc
0.0,40.85034674335061,14.231604279489538,1.4433084047737488,0.0,clc
65.38315733897585,0.0,67.82502288050642,57.69516218199645,65.38315733897585,clc
19.198005384888432,0.0,27.99684655089341,2.8885853731129743,19.198005384888432,clc
118.79232602613115,0.0,143.04573993544147,126.5550675371777,118.79232602613115,clc
63.995303758461574,0.0,143.72973664933758,107.79064561375677,63.995303758461574,clc
0.0,61.866484213876674,77.70518708168413,45.05970542316288,0.0,clc
18.722992020187974,0.0,11.275262490146986,1.2119118888948037,18.722992020187974,clc
1.7248293899190408,46.63586060424712,29.803082189509805,0.0,1.7248293899190408,clc
0.0,107.28027537537109,40.519562278118016,3.1447349058805116,0.0,clc
61.287123078684104,0.0,65.9017684904945,55.07002424246754,61.287123078684104,clc
58.09330678815763,0.0,54.8155545584401,37.297797366367696,58.09330678815763,clc
39.05929742628419,0.0,68.10572137637168,54.245327540065205,39.05929742628419,clc
0.64058267166277,37.61737121774672,0.0,14.789307620596873,0.64058267166277,clc
6.266042799278978,2.2348783266067755,9.877683556625783,0.0,6.266042799278978,clc
20.425774601706223,0.0,14.087609751456313,16.206113117842904,20.425774601706223,clc
93.18394015916476,0.0,128.23999684590922,114.94066887771112,93.18394015916476,clc
85.50906643899671,0.0,103.40511061716568,96.92093308383943,85.50906643899671,clc
0.0,55.730609719046356,43.669819360756605,17.28822822278778,0.0,clc
0.0,88.70103035658204,40.268440392701336,31.611944245412758,0.0,clc
15.042559881229323,12.541974291513753,0.0,25.313129564146095,15.042559881229323,clc
44.173031207895974,0.0,46.098203248207994,65.16355096124784,44.173031207895974,clc
92.05733335952633,0.0,131.1464743759196,95.02285966972397,92.05733335952633,clc
20.357953241690154,0.0,46.62929909442414,30.67930693710838,20.357953241690154,clc
85.8406208388345,0.0,103.61394459145794,93.60816295671299,85.8406208388345,clc
16.484225146997716,21.91767003853589,0.0,6.894768308059994,16.484225146997716,clc
0.0,9.183124378828836,37.1741392119427,25.382104857458955,0.0,clc
31.583504226195657,0.0,79.9772265636276,84.89710044518233,31.583504226195657,clc
75.60091156924108,0.0,82.32666964974106,69.58136654509093,75.60091156924108,clc
0.0,76.62487712173731,21.898543214056247,17.041342225715027,0.0,clc
0.0,78.15885142483141,47.7282247790053,19.376618753654043,0.0,clc
1.5984817421824218,43.47096510999495,0.0,9.068039131958685,1.5984817421824218,clc
71.36478227047229,71.36478227047229,76.88262239089607,68.57752461497574,0.0,ref
0.0,0.0,56.06814003144049,56.46117972479982,31.11946267479783,ref
104.15676992936864,104.15676992936864,62.121914366745365,39.52031119622216,0.0,ref
0.0,0.0,136.45562631445262,121.44390669166239,92.2797525689131,ref
0.03789218542788575,0.03789218542788575,70.76680277469364,17.76231045536228,0.0,ref
0.0,0.0,229.19792416870143,206.7137832073562,153.76821879431054,ref
0.0,0.0,223.6309101534487,175.3200707195982,73.39890142987588,ref
63.31078633021377,63.31078633021377,127.47647101942539,86.04238425462665,0.0,ref
16.10832786868781,16.10832786868781,40.95811378845232,24.23948357942416,0.0,ref
118.98064405580428,118.98064405580428,97.8259815152376,37.14017900922802,0.0,ref
197.3786391410845,197.3786391410845,102.5593205085425,38.11877065056194,0.0,ref
0.0,0.0,155.77246991251917,136.4613258829682,91.17501045507095,ref
0.0,0.0,126.17148282628685,88.89364615425977,78.06064355987625,ref
0.0,0.0,146.09395222588878,123.59174447085314,57.44515630999176,ref
72.39580216510859,72.39580216510859,32.60789645179341,66.84044843031347,0.0,ref
33.426372894121556,33.426372894121556,55.56679531444772,39.23914627785098,0.0,ref
0.0,0.0,43.05309326557084,53.507508279999485,12.242849240938284,ref
0.0,0.0,162.84891093634133,152.38423923255516,77.27392294982883,ref
0.0,0.0,172.4437496112921,169.16557423916046,112.44527971243767,ref
99.86051494538629,99.86051494538629,120.8738963784433,76.4261202394988,0.0,ref
134.78702928305816,134.78702928305816,83.3832065412995,77.8281539132251,0.0,ref
23.505142375259055,23.505142375259055,4.007800495289246,61.406147904141534,0.0,ref
0.0,0.0,74.32385603963701,118.37326601030065,36.88976848809398,ref
0.0,0.0,223.13753723055774,166.34260186214607,123.91258180750887,ref
0.0,0.0,102.94873735391079,78.25046469197954,23.948423321065547,ref
0.0,0.0,196.49221136507663,182.1677311449597,130.2623922018601,ref
59.8055626098304,59.8055626098304,23.84762546998715,47.21220941849279,0.0,ref
37.89258719585172,37.89258719585172,83.47100055851342,70.14287665618144,0.0,ref
0.0,0.0,114.30667077013175,132.38077064348778,26.34769486156887,ref
0.0,0.0,153.74751939249876,132.97867607302487,98.19534558911488,ref
144.1383786731235,144.1383786731235,54.97360488175599,54.457433450790745,0.0,ref
130.07930583306324,130.07930583306324,105.66482903550911,65.39155624341251,0.0,ref
91.68025031066371,91.68025031066371,31.965236526219208,56.25423705050069,0.0,ref
145.1118467479908,145.1118467479908,142.399444482822,118.27678410076584,0.0,ref
0.0,0.0,100.79686878640229,94.72498398811169,28.562662827371668,ref
210.62639029105702,210.62639029105702,119.39414906787296,76.26691094052,0.0,ref
0.0,0.0,211.65014266811107,180.77610530282485,115.15494650029481,ref
41.35814813123059,41.35814813123059,146.26709288874116,52.789840435008784,0.0,ref
0.0,0.0,380.97162733038715,338.0960895811522,246.88907778229589,ref
0.0,0.0,327.38237398749015,246.8598047148536,97.78041145918789,ref
158.71159109229893,158.71159109229893,191.0886054166541,124.18481979958665,0.0,ref
59.338795374188436,59.338795374188436,99.1401939845243,64.6007245851086,0.0,ref
242.36450803787463,242.36450803787463,182.68526175143728,77.70170481652197,0.0,ref
360.346105569763,360.346105569763,173.7441619522315,70.06987307486912,0.0,ref
0.0,0.0,262.6132254415596,220.4188199326784,124.07915337425727,ref
0.0,0.0,216.15504294064246,147.73631370686942,102.31716773191053,ref
0.0,0.0,225.36102580800423,180.44792354930567,65.42740277832789,ref
169.83400402966564,169.83400402966564,76.21597940993047,114.09730568746735,0.0,ref
90.77761040170756,90.77761040170756,119.05678481494095,83.57702142464751,0.0,ref
26.998649457553825,26.998649457553825,77.56214025609404,86.06094717689852,0.0,ref
0.0,0.0,277.8440693936668,250.3890048171802,134.73621165904365,ref
0.0,0.0,252.35785653827978,237.59741898050126,141.1767597794089,ref
250.28560458308652,250.28560458308652,212.54442903885706,132.6182444450469,0.0,ref
249.66236805797587,249.66236805797587,137.44409959831165,118.55808552182219,0.0,ref
66.16746999949355,66.16746999949355,28.81615632076442,105.57473853863137,0.0,ref
0.0,0.0,127.39849315951022,181.10108128947132,49.365360741226766,ref
0.0,0.0,335.50047177924773,243.98929947654392,169.52673771593481,ref
4.165383629882513,4.165383629882513,140.20486978466545,94.44390757151018,0.0,ref
0.0,0.0,328.8585662755388,297.9749296022819,203.37325926398134,ref
162.79494205266047,162.79494205266047,77.58649835503479,105.50571600782685,0.0,ref
66.24556040678522,66.24556040678522,138.75060305150026,109.38038971759619,0.0,ref
0.0,0.0,172.82592270063586,184.74233379325497,33.977710411926495,ref
0.0,0.0,269.3884935284925,228.5462893621667,156.3082243317191,ref
215.1484013960058,215.1484013960058,92.53791572853993,82.47021307912672,0.0,ref
242.1180326548012,242.1180326548012,169.4208587575895,102.741770739603,0.0,ref
189.94517989662842,189.94517989662842,73.11423125797695,98.51736299512729,0.0,ref
0.0,135.7191320235541,134.32289874872941,118.27678410076585,0.0,clc
30.323256247680234,0.0,97.91140438502111,96.48557740842023,30.323256247680234,clc
0.0,201.20904081205177,113.41672819505285,76.26691094051986,0.0,clc
112.35989423543023,0.0,203.03757608704836,177.98105303796027,112.35989423543023,clc
0.0,38.03864714771353,138.88627634627176,52.78984043500897,0.0,clc
243.31296778418266,0.0,369.6708755530898,334.5199795830391,243.31296778418266,clc
97.80025951761158,0.0,316.4310712127067,246.87965277327746,97.80025951761158,clc
0.0,154.39657070550675,181.7165812944046,124.18481979958608,0.0,clc
0.0,53.288738234802196,93.06062346348764,64.60072458510834,0.0,clc
0.0,231.30868302850945,174.10805659092568,77.70170481652205,0.0,clc
0.0,345.2325129326275,165.19772470371967,70.06987307486878,0.0,clc
121.64341384241509,0.0,252.56270675765853,217.98308040083634,121.64341384241509,clc
100.901387755136,0.0,208.112908480747,146.32053373009504,100.901387755136,clc
64.00972757300615,0.0,216.23713453065062,179.03024834398394,64.00972757300615,clc
0.0,161.88622690317035,70.46358616809749,114.09730568746781,0.0,clc
0.0,84.14051044031906,112.20674881924451,83.57702142464747,0.0,clc
0.0,24.741154783104207,72.48038408788814,86.06094717689851,0.0,clc
138.6844673568695,0.0,272.91961903129163,254.33726051500605,138.6844673568695,clc
138.83608877511156,0.0,242.87635035351101,235.2567479762041,138.83608877511156,clc
0.0,242.53073381380148,202.14947307154785,132.61824444504668,0.0,clc
0.0,238.88843159859994,129.69815863185704,118.55808552182236,0.0,clc
0.0,60.036190784968795,24.961634210305917,105.57473853863146,0.0,clc
51.79017655664762,0.0,124.70517979729914,183.5258971048923,51.79017655664762,clc
166.34034374412477,0.0,323.45497439643856,240.80290550473387,166.34034374412477,clc
0.0,3.7031008865348554,133.2205716422599,94.4439075715101,0.0,clc
198.304664426941,0.0,317.2994880157304,292.9063347652416,198.304664426941,clc
0.0,153.99198577017137,71.62127678634539,105.50571600782652,0.0,clc
0.0,59.39259326089493,131.25175221529705,109.38038971759633,0.0,clc
36.833300870125896,0.0,168.06936143010202,187.59792425145415,36.833300870125896,clc
154.82054962399593,0.0,261.3475438692068,227.05861465444377,154.82054962399593,clc
0.0,201.786653413483,86.84611271443276,82.47021307912684,0.0,clc
0.0,231.46599276688949,160.9345549857889,102.74177073960308,0.0,clc
0.0,180.16805215625055,67.6671064986187,98.51736299512707,0.0,clc
123.07918179464325,123.07918179464325,140.62116103181904,117.70212943029493,0.0,ref
0.0,0.0,88.50030755335803,82.66204770477373,21.269162322260684,ref
158.19846020684008,158.19846020684008,115.15597747242093,72.89276728178734,0.0,ref
0.0,0.0,211.90839281144372,182.4314647311717,123.6779245021149,ref
12.995381115381228,12.995381115381228,141.0563862714298,48.410758940591506,0.0,ref
0.0,0.0,287.27494205377764,245.541936096992,157.0951213904641,ref
0.0,0.0,293.84996534023264,215.6405534645655,71.97487661956825,ref
29.527600802271422,29.527600802271422,176.6431437621884,111.22670240500838,0.0,ref
57.23796348221413,57.23796348221413,95.23046220469791,61.44433478505829,0.0,ref
184.27035165938597,184.27035165938597,175.25873095503908,70.30019985945009,0.0,ref
263.64451085947263,263.64451085947263,168.00538311042703,65.33731458536144,0.0,ref
0.0,0.0,260.9374478851391,219.81804114447795,124.82737218143423,ref
0.0,0.0,206.05378853418696,137.6191166768908,98.46828507556988,ref
0.0,0.0,236.969341294214,192.66030849353808,82.82848805284291,ref
84.34532997811252,84.34532997811252,65.84329038127589,104.80996667446948,0.0,ref
72.92028209907117,72.92028209907117,115.80456794108731,81.07594111914376,0.0,ref
0.0,0.0,90.65494373559174,99.81057865383701,17.71605597461874,ref
0.0,0.0,159.76342117171487,134.6608250768544,21.321837213416643,ref
0.0,0.0,239.5483781187087,225.22464599282574,135.79141654212663,ref
95.21871985486166,95.21871985486166,203.90383621378692,124.65810739086089,0.0,ref
157.4119391570356,157.4119391570356,127.43014067987974,109.76276868019167,0.0,ref
50.26482528197354,50.26482528197354,26.795715221857535,104.69570841252221,0.0,ref
0.0,0.0,90.21572184973274,145.59706743290855,14.791523805119311,ref
0.0,0.0,310.18059566202123,220.5249414824807,147.2378676547965,ref
0.0,0.0,177.9633570794407,133.02256524838492,43.29682646014709,ref
0.0,0.0,281.65609195571994,251.97211667043425,163.63691836153018,ref
104.9781155149023,104.9781155149023,70.9942503415649,99.78976888513695,0.0,ref
75.6341748939835,75.6341748939835,132.40354004155384,103.80590348336241,0.0,ref
0.0,0.0,137.4777666714592,150.96435837813416,9.503506507564822,ref
0.0,0.0,210.85853567181607,171.10068358989224,100.7155361374883,ref
219.44941400841594,219.44941400841594,89.89749095867364,82.278781703947,0.0,ref
160.6681317999238,160.6681317999238,165.13698644596587,99.5890908094944,0.0,ref
126.49137534517975,126.49137534517975,67.53897543447431,94.36421015242617,0.0,ref
0.0,16.955609506346434,16.31321878037221,9.799053572198147,0.0,clc
35.88853955223124,0.0,23.786727937519686,23.043897577357995,35.88853955223124,clc
0.0,38.653654603369546,12.837310324703708,1.4433084047737452,0.0,clc
64.66742095808105,0.0,65.61958031600255,56.9794258011016,64.66742095808105,clc
19.906114248120055,0.0,27.130495386078415,3.596694236344625,19.906114248120055,clc
117.7174482015306,0.0,139.64905261510114,125.48018971257716,117.7174482015306,clc
64.002274986017,0.0,139.88331388885624,107.79761684131219,64.002274986017,clc
0.0,60.210590760155924,74.1086633109851,45.05970542316277,0.0,clc
20.101439819381767,0.0,11.268538147707488,2.5903596880884834,20.101439819381767,clc
1.7248293899190834,44.14438571901226,27.87017431290898,0.0,1.7248293899190834,clc
0.0,102.95563397659252,38.07406323468338,3.144734905880483,0.0,clc
60.79850117787071,0.0,63.885582654821775,54.58140234165415,60.79850117787071,clc
57.80624816914559,0.0,53.18495937427461,37.010738747355695,57.80624816914559,clc
38.716933648897836,0.0,65.90233242631362,53.902963762678894,38.716933648897836,clc
2.492749677169769,36.91049715252757,0.0,16.641474626103786,2.492749677169769,clc
6.266042799279063,0.7937983884835944,8.39036989459754,0.0,6.266042799279063,clc
20.927142713451445,0.0,13.460368115750327,16.70748122958821,20.927142713451445,clc
94.64555569053005,0.0,126.41700115263438,116.40228440907651,94.64555569053005,clc
84.7422768023446,0.0,100.29902664851467,96.15414344718722,84.7422768023446,clc
0.0,53.71430528044107,40.96707982072371,17.28822822278744,0.0,clc
0.0,84.97708937321241,37.59110633485676,31.611944245412985,0.0,clc
16.07342936429896,11.933068867784272,0.0,26.34399904721579,16.07342936429896,clc
44.876368293673124,0.0,45.316986316507325,65.86688804702482,44.876368293673124,clc
91.06126135947412,0.0,127.38103206845042,94.02678766967176,91.06126135947412,clc
20.484422584531842,0.0,44.84503391604272,30.805776279949896,20.484422584531842,clc
84.56336669481067,0.0,100.70112928798494,92.3309088126891,84.56336669481067,clc
17.711801719774172,21.333695643904903,0.0,8.122344880836394,17.711801719774172,clc
0.0,7.058140886862134,34.84887865014241,25.382104857458785,0.0,clc
32.64170904077224,0.0,78.21457323115959,85.95530525975943,32.64170904077224,clc
75.23697779399106,0.0,80.35959099275567,69.21743276984085,75.23697779399106,clc
0.0,71.87597410267796,19.875617729087082,17.041342225715027,0.0,clc
0.0,74.58955117465781,44.884622380359474,19.376618753653958,0.0,clc
3.2190045214323817,42.18278670855337,0.0,10.688561911208645,3.2190045214323817,clc
0.0,42.9104713192209,46.49617280297787,33.957055872793205,0.0,clc
32.70403942653181,0.0,36.89126217618039,34.146522084714746,32.70403942653181,clc
0.0,65.3718478229776,35.669588826497815,16.31425821053226,0.0,clc
78.3602756870477,0.0,99.70842685003396,84.97571155351935,78.3602756870477,clc
12.700607986865133,0.0,48.535134957352014,9.365271918442232,12.700607986865133,clc
125.45088717446367,0.0,174.7765843975808,151.83177171142154,125.45088717446367,clc
64.91403453385087,0.0,180.35825610893752,133.1118650707405,64.91403453385087,clc
0.0,47.49224246794233,103.09076267082787,61.301106684071215,0.0,clc
2.6910824608817165,0.0,16.846186476022524,1.4602747424289646,2.6910824608817165,clc
0.0,73.74311037666615,58.87386931369845,13.020698982346264,0.0,clc
0.0,141.52760501830218,70.01868556198858,17.156186434182814,0.0,clc
73.86762500988766,0.0,104.70160753543529,87.44288643980005,73.86762500988766,clc
66.10468141093965,0.0,85.02674818792534,57.06965749254726,66.10468141093965,clc
48.64238890009776,0.0,104.65854161183408,83.79993392573115,48.64238890009776,clc
0.0,45.980576189195006,15.323878054403423,35.435149738702904,0.0,clc
0.0,11.819323569219222,26.76756072668985,11.392819378515924,0.0,clc
20.090424352989714,0.0,30.265845761809828,33.47666480120131,20.090424352989714,clc
69.54983007999249,0.0,131.23187629461563,114.25165642630043,69.54983007999249,clc
97.57034068332692,0.0,136.40849283645133,127.45272633596163,97.57034068332692,clc
0.0,62.1968803971364,79.28968811236973,40.59340769476535,0.0,clc
0.0,102.69759047202888,61.89921938146068,50.41133414875094,0.0,clc
5.541789974092012,14.794004552069794,0.0,36.65348896848195,5.541789974092012,clc
36.44494149455414,0.0,55.50413575060958,82.49115480613358,36.44494149455414,clc
104.60626618305524,0.0,173.50670681959997,124.08919697174575,104.60626618305524,clc
26.43243172018782,0.0,77.30086196585609,54.360948721470294,26.43243172018782,clc
102.347479316589,0.0,142.0883885732825,127.38276316185933,102.347479316589,clc
0.0,25.41714759637587,1.1833842099153031,12.020209776797543,0.0,clc
0.0,25.53859868612568,59.94814092515486,43.614657381602456,0.0,clc
24.6726724184349,0.0,93.28408440930963,99.75077979435514,24.6726724184349,clc
80.31449878893386,0.0,109.49676100819585,90.5328908515533,80.31449878893386,clc
0.0,113.21968563481948,39.14589283467359,33.19425770348744,0.0,clc
0.0,95.91591439155724,76.72972062566373,38.67393482923589,0.0,clc
0.0,60.36701606590989,14.643545905837207,27.407831565690095,0.0,clc
31.68369857030092,31.68369857030092,39.87359126437832,33.81600390163544,0.0,ref
0.0,0.0,32.54140974404481,32.55083394183859,32.03035185168761,ref
48.66293740603379,48.66293740603379,30.72860770425215,15.57512280699386,0.0,ref
0.0,0.0,93.96174940147199,83.59293231369827,78.57846095050091,ref
0.0,0.0,50.272354046656346,15.946355202406902,20.18548212676875,ref
0.0,0.0,141.73944626370314,125.27211933480407,99.60722269315352,ref
0.0,0.0,160.84736846571977,123.93703027896859,57.29716015544983,ref
4.808905492214535,4.808905492214535,90.23405488639594,57.34523953510211,0.0,ref
0.0,0.0,15.58401123672138,4.387235338802725,6.298725621740402,ref
55.35952444499513,55.35952444499513,51.69002094983763,11.436181497652935,0.0,ref
107.66675700901851,107.66675700901851,62.001627277371085,15.968183045954106,0.0,ref
0.0,0.0,98.32379431711466,85.96778618472021,72.659767543334,ref
0.0,0.0,78.19722065495938,54.239630776400354,64.5252997858721,ref
0.0,0.0,101.04784010396122,85.6052704541896,51.61095668308678,ref
17.489948479085257,17.489948479085257,7.932657252227131,32.912952112739674,0.0,ref
4.63499175168505,4.63499175168505,21.669600155126034,10.870502321444235,0.0,ref
0.0,0.0,36.557147839103976,43.175590150166244,30.630265679238903,ref
0.0,0.0,90.5711955932901,82.43662557294988,38.424422896503756,ref
0.0,0.0,125.17318537968178,122.24931992809329,94.28652270730922,ref
21.111397718019134,21.111397718019134,69.79528691318524,38.71880888948965,0.0,ref
68.70709243421345,68.70709243421345,52.47015575352523,47.907125533172746,0.0,ref
10.712221550323761,10.712221550323761,0.0,39.771845006878436,8.871086178758475,ref
0.0,0.0,43.467657125365406,74.87726188706114,29.066674007497113,ref
0.0,0.0,157.09762846087852,115.49210329462723,96.3221735444654,ref
0.0,0.0,82.46629301141633,64.92065142409638,38.141589375837185,ref
0.0,0.0,123.55864620646092,113.63619371293434,90.04618222949149,ref
13.025116307658024,13.025116307658024,0.0,14.630885844027333,3.7624563523327055,ref
23.639490136128245,23.639490136128245,52.236863217238295,42.13830662484298,0.0,ref
0.0,0.0,77.9906438303168,91.66655286827995,19.363309304827226,ref
0.0,0.0,90.69045999535336,76.55155323809305,66.75214679744283,ref
104.76809066126248,104.76809066126248,33.29245220542094,33.138731254743846,0.0,ref
65.85524650077596,65.85524650077596,68.22584092050464,37.79468253384768,0.0,ref
37.86229293589933,37.86229293589933,8.974067493847528,26.337865783251388,0.0,ref
13.079958206959958,13.079958206959958,15.708164470235118,9.700225512942978,0.0,ref
0.0,0.0,22.194773225010636,21.584536828232558,35.00247396684236,ref
30.97554438331523,30.97554438331523,12.049257912316538,0.9540714880721826,0.0,ref
0.0,0.0,65.45024086247938,57.196084884728094,65.97724189636672,ref
0.0,0.0,30.010262784428576,6.783416848478314,23.673501525043662,ref
0.0,0.0,121.76923318472006,108.11078037605114,100.86374639285805,ref
0.0,0.0,132.04174830818087,100.93966926171228,58.32628494325792,ref
29.35636396517168,29.35636396517168,70.28320980813248,41.96865143875266,0.0,ref
0.0,0.0,10.859592358004022,2.4621097624130925,20.420219844669475,ref
36.965101102815595,36.965101102815595,27.63194826466605,0.0,2.761642629930199,ref
85.60949282702795,85.60949282702795,36.74855086697603,2.302964754882936,0.0,ref
0.0,0.0,63.435177243893506,54.46661035477405,60.85192561723106,ref
0.0,0.0,51.726541652120815,35.70917695184773,57.294711196698586,ref
0.0,0.0,67.38067766308602,55.70115256812146,41.294028002283866,ref
22.013750815224654,22.013750815224654,0.0,17.04663983351179,4.756737797947608,ref
0.0,0.0,9.416921134215443,1.3191797749095713,7.922783751233595,ref
0.0,0.0,18.85103899153188,22.32343728556785,27.09067464730657,ref
0.0,0.0,98.81504238862044,89.75898807188162,68.53469831952862,ref
0.0,0.0,97.35744941276745,93.57260432208832,83.58361827226113,ref
28.592948726287204,28.592948726287204,39.24204248873036,16.001706187727677,0.0,ref
65.0362598476938,65.0362598476938,35.143297128662056,29.722234897718295,0.0,ref
9.723076902874112,9.723076902874112,0.0,26.663928540478025,16.53949311735454,ref
0.0,0.0,38.41387815703138,59.455934960140326,38.63312771875388,ref
0.0,0.0,122.02437397778044,89.39300719497788,86.65589586238488,ref
0.0,0.0,51.71846284422608,38.052748148530696,28.53374877335915,ref
0.0,0.0,93.04176535512025,85.04814193055981,78.26218498998307,ref
14.857467658564786,14.857467658564786,0.0,8.375860984095453,18.696499597008092,ref
8.835563086693128,8.835563086693128,33.347069783993675,24.30762840882454,0.0,ref
0.0,0.0,69.76818558802876,78.17635609393426,27.005887279069327,ref
0.0,0.0,71.21448751874033,60.44382651142922,66.74513561531296,ref
72.68514387468917,72.68514387468917,19.03465385111815,16.999050219622745,0.0,ref
57.53658229957419,57.53658229957419,43.62698885062072,18.71995155549294,0.0,ref
31.610117117600215,31.610117117600215,0.0,11.140142554980898,4.438619922635695,ref
19.72532524829535,20.923759222545357,19.72532524829535,9.799053572198147,0.0,amine
24.63874949786711,0.0,24.63874949786711,22.52402855648546,35.368670531358674,amine
14.96639570632394,42.00800115783933,14.96639570632394,1.4433084047737275,0.0,amine
68.9872887593842,0.0,68.9872887593842,58.072354491229206,65.76034964820865,amine
28.453412690586553,0.0,28.453412690586553,2.515412757552177,18.82483276932763,amine
144.83579052990615,0.0,144.83579052990615,127.1215270041356,119.35878549308961,amine
145.75679734100996,0.0,145.75679734100996,107.7869717842714,63.99162992897621,amine
79.60055127231567,62.739138297593286,79.60055127231567,45.05970542316243,0.0,amine
11.278806211439303,0.0,11.278806211439303,0.48547136915368583,17.996551500447083,amine
30.8217225785841,47.94886521103034,30.8217225785841,0.0,1.7248293899190221,amine
41.80833766531657,109.55935677929487,41.80833766531657,3.14473490588054,0.0,amine
66.96429627516446,0.0,66.96429627516446,55.327527462967694,61.54462629918426,amine
55.67487648108758,0.0,55.67487648108758,37.44907695237249,58.244586374162395,amine
69.26690500262707,0.0,69.26690500262707,54.425752885537435,39.239722771756405,amine
0.33550736447389795,38.32540046054609,0.33550736447389795,14.148724948934017,0.0,amine
10.661496269949879,2.9943259167519045,10.661496269949879,0.0,6.26604279927912,amine
14.418165424374678,0.0,14.418165424374678,15.941892657778453,20.161554141641773,amine
129.20071363161753,0.0,129.20071363161753,114.17039905183333,92.41367033328731,amine
105.0420135552862,0.0,105.0420135552862,97.32503040439623,85.91316375955364,amine
45.09416021525578,56.79320000733526,45.09416021525578,17.28822822278812,0.0,amine
41.679392585188396,90.66354328237176,41.679392585188396,31.611944245412985,0.0,amine
0.0,12.8628668002805,0.0,24.769862446229865,14.499292763313036,amine
46.5099037378651,0.0,46.5099037378651,64.79289306731505,43.80237331396347,amine
133.1308584552387,0.0,133.1308584552387,95.54778855120963,92.58226224101207,amine
47.56960494009874,0.0,47.56960494009874,30.612657728339684,20.291304032921573,amine
105.14899514919557,0.0,105.14899514919557,94.28127452812586,86.51373241024748,amine
0.0,22.22542392156241,0.0,6.247836763701841,15.837293602639534,amine
38.39954904758173,10.302988412307343,38.39954904758173,25.382104857458557,0.0,amine
80.90614298956001,0.0,80.90614298956001,84.33942763672115,31.025831417734082,amine
83.36331800362689,0.0,83.36331800362689,69.77315925642802,75.79270428057805,amine
22.964622786716518,79.12754394697583,22.964622786716518,17.041342225715027,0.0,amine
49.22680020973047,80.0398688491867,49.22680020973047,19.376618753654014,0.0,amine
0.0,44.149833753413716,0.0,8.214025355957148,0.7444679661808777,amine
83.67116298078767,85.24418149660977,83.67116298078767,68.77884050357477,0.0,amine
62.03793443586994,0.0,62.03793443586994,59.288195899646354,32.463673653956505,amine
67.77831267397133,127.35689226384969,67.77831267397133,40.63699132830874,0.0,amine
142.42977101315014,0.0,142.42977101315014,122.75892390286533,91.25011484194722,amine
77.54231567422089,11.067207344296534,77.54231567422089,19.169039606987713,0.0,amine
271.5139396248891,0.0,271.5139396248891,242.6072988462522,188.66768521240078,amine
245.42099206219316,0.0,245.42099206219316,187.28725951510577,83.31251336329157,amine
140.7824624380354,116.88656257668742,140.7824624380354,91.105021458382,0.0,amine
46.54167992121384,20.409480016863597,46.54167992121384,25.27594378213624,0.0,amine
106.26393879385385,144.7386034238791,106.26393879385385,39.56172954736711,0.0,amine
111.10462540933878,241.67089260484985,111.10462540933878,39.79541842521894,0.0,amine
163.05612478504293,0.0,163.05612478504293,138.19863042320554,92.48775058376171,amine
134.74005434378026,0.0,134.74005434378026,93.00657878031164,80.1937483397844,amine
148.7336873870415,0.0,148.7336873870415,120.49179359007606,52.60801540009032,amine
40.83953193563576,109.26017920090669,40.83953193563576,70.26276521942728,0.0,amine
61.405222082181,43.17792122822006,61.405222082181,40.047340841266916,0.0,amine
35.84701167449791,3.5747623311665677,35.84701167449791,42.55605938999645,0.0,amine
213.16561748509434,0.0,213.16561748509434,194.40062093932806,118.3970927840096,amine
184.5629889874054,0.0,184.5629889874054,175.50128408820706,116.19129949149277,amine
131.47732330443307,158.0221079349019,131.47732330443307,79.15760915688475,0.0,amine
93.32293760939007,177.19304776210012,93.32293760939007,81.14668583348396,0.0,amine
7.586017822434883,32.9020788731909,7.586017822434883,61.71063333971918,0.0,amine
89.9985208093047,0.0,89.9985208093047,129.51619660800634,47.70166031259242,amine
241.71304301331887,0.0,241.71304301331887,177.22749928633246,134.36856843456877,amine
93.34324699489079,0.0,93.34324699489079,63.13171303676347,7.182959414553977,amine
220.56335233826957,0.0,220.56335233826957,201.15327190759274,147.11993404176673,amine
29.958075060311785,83.41110775774655,29.958075060311785,49.02652956755733,0.0,amine
91.60904875038108,39.007352206401436,91.60904875038108,72.17141023619172,0.0,amine
132.17532623983334,0.0,132.17532623983334,143.46624135635102,33.84034642474796,amine
179.24138071758387,0.0,179.24138071758387,153.34011550747437,117.93374978222812,amine
60.659205041692246,151.97191163347446,60.659205041692246,54.53033579794726,0.0,amine
114.11758393700927,167.83697291711275,114.11758393700927,66.56884148182576,0.0,amine
38.121859828641945,120.8809996699339,38.121859828641945,57.74482945470259,0.0,amine
12.936724489020207,7.272267961395528,12.936724489020207,9.601397453687753,0.0,amine
19.973877502947886,0.0,19.973877502947886,20.331776259824323,34.323008562170685,amine
9.939026608646126,21.657183122024282,9.939026608646126,0.4648345713707185,0.0,amine
63.33339793396965,0.0,63.33339793396965,56.82892909108385,66.70324795738176,amine
31.883471878478797,0.0,31.883471878478797,10.458232668726232,27.928982010081484,amine
100.77839833626865,0.0,100.77839833626865,89.84997747318505,83.11865101784508,amine
120.45874807260091,0.0,120.45874807260091,93.99212622148153,52.56069943986776,amine
65.89152637307461,0.0,65.89152637307461,41.569070902355406,2.691473448013653,amine
10.102995913651682,0.0,10.102995913651682,3.3033381862696274,21.708478219489223,amine
25.57393100610807,27.94415687392079,25.57393100610807,0.0,3.7984558699413142,amine
33.10312806024257,65.04346310620906,33.10312806024257,1.461194603885474,0.0,amine
61.09419775251518,0.0,61.09419775251518,53.935503690395116,60.48903537909261,amine
48.761482503883826,0.0,48.761482503883826,34.15625746395445,56.53181653186624,amine
66.79203856185386,0.0,66.79203856185386,57.19159747080435,43.563378452910115,amine
0.0,6.953006796340929,0.0,19.11251077075093,8.681431648556696,amine
10.867492959916632,0.0,10.867492959916632,4.486556530457705,11.427721683826462,amine
23.49865138497958,0.0,23.49865138497958,28.253408383118057,33.56822162273204,amine
69.02822439064221,0.0,69.02822439064221,64.06470019817186,43.37284941201278,amine
91.59052870735897,0.0,91.59052870735897,90.33900456994625,81.77289911513452,amine
34.97168000285251,1.989976156649277,34.97168000285251,14.71518415266587,0.0,amine
30.239642623615083,42.334688843599764,30.239642623615083,27.832525550023405,0.0,amine
0.0,7.325735523393405,0.0,27.965616568531516,17.9873154052014,amine
30.54136630700151,0.0,30.54136630700151,53.49391437150956,32.838819642088424,amine
113.16896858015664,0.0,113.16896858015664,83.92625003433773,81.41755367934934,amine
56.82371735314305,0.0,56.82371735314305,45.335043751265744,36.61839869634082,amine
82.83814485657362,0.0,82.83814485657362,76.73865436597148,70.93428260269664,amine
0.0,8.162369598485583,0.0,9.76793060820578,20.819750995093372,amine
29.664942949427598,9.119646120194147,29.664942949427598,23.23315196019064,0.0,amine
59.46038969898092,0.0,59.46038969898092,71.10910626643357,22.081764855690835,amine
60.20423482713505,0.0,60.20423482713505,51.34119512466327,57.924268308281,amine
16.262246007849228,70.001961165463,16.262246007849228,16.95675821353069,0.0,amine
39.647141424676846,37.89943694584072,39.647141424676846,18.063284357332066,0.0,amine
0.0,20.46966707573267,0.0,13.099006924252507,7.165519049338275,amine
9.700225512942978,17.25267318125131,19.713760980392834,9.700225512942978,0.0,oxy
21.076327244775996,0.0,23.26773525846866,21.076327244775996,34.4942643833858,oxy
0.9540714880721879,34.50865447029083,14.524194645592004,0.9540714880721879,0.0,oxy
58.38808635632601,0.0,69.2460545034715,58.38808635632601,67.16924336796465,oxy
5.678115662293884,0.0,31.70104504700239,5.678115662293884,22.568200338859224,oxy
109.91300116149273,0.0,127.70757343155412,109.91300116149273,102.6659671782993,oxy
101.00683677910538,0.0,138.94700840916724,101.00683677910538,58.39345246065088,oxy
41.96865143875243,31.984253854582107,76.54087222575242,41.96865143875243,0.0,oxy
0.29448443423746085,0.0,11.15368865417912,0.29448443423746085,18.252594516493673,oxy
0.0,40.95686961977448,31.052082834423974,0.0,2.7616426299301438,oxy
2.302964754882936,92.5574727994149,41.090166765554685,2.302964754882936,0.0,oxy
55.29504922143181,0.0,66.99636450302773,55.29504922143181,61.68036448388884,oxy
36.20147776358553,0.0,54.588169484544835,36.20147776358553,57.78701200843642,oxy
56.294881403015665,0.0,71.2732410948144,56.294881403015665,41.88775683717802,oxy
13.83805090154138,22.8498710012762,0.0,13.83805090154138,1.5481488659773959,oxy
0.0,0.9807262990519234,10.749192878308037,0.0,6.603603976323882,oxy
21.566946407622908,0.0,20.087000226636775,21.566946407622908,26.33418376936163,oxy
87.52586569213975,0.0,102.42808404004131,87.52586569213975,66.30157593978709,oxy
94.8716253660139,0.0,102.7716054231185,94.8716253660139,84.88263931618667,oxy
16.001706187727223,31.816133173746493,44.02495945304997,16.001706187727223,0.0,oxy
29.72223489771818,71.00931522739094,39.82705605022534,29.72223489771818,0.0,oxy
24.830608700402593,10.481414643981822,0.0,24.830608700402593,14.70617327727905,oxy
58.387740204718284,0.0,39.98957145189968,58.387740204718284,37.56493296333207,oxy
91.06883129856558,0.0,128.64873024841037,91.06883129856558,88.33171996597264,oxy
37.89820882595342,0.0,54.94861290396227,37.89820882595342,28.379209450781786,oxy
87.16280898289406,0.0,98.03198901467397,87.16280898289406,80.3768520423173,oxy
6.217963911019055,15.617158949495433,0.0,6.217963911019055,16.5386025239317,oxy
24.3076284088246,12.17614364168304,37.454113478769955,24.3076284088246,0.0,oxy
76.53922713980984,0.0,73.05400210256147,76.53922713980984,25.368758324944906,oxy
61.07652673433154,0.0,74.70598747763859,61.07652673433154,67.37783583821545,oxy
16.999050219622802,80.27884646988491,22.636310869904833,16.999050219622802,0.0,oxy
18.71995155549294,63.21040367926484,48.695753271663236,18.71995155549294,0.0,oxy
8.287965677200866,33.356165524249455,0.0,8.287965677200866,1.5864430448555886,oxy
0.0,82.68448617592114,87.74896881979024,68.57752461497572,0.0,clc
29.368942047813334,0.0,59.76394237889866,54.71065909781524,29.368942047813334,clc
0.0,114.89630052624574,69.64493462878866,39.520311196222195,0.0,clc
95.68453857087644,0.0,147.29783872681364,124.84869269362574,95.68453857087644,clc
0.0,3.6039163847410336,79.78778399338854,17.762310455362314,0.0,clc
158.39448877375753,0.0,244.44154217244363,211.3400531868034,158.39448877375753,clc
73.55431428740727,0.0,239.6083683943327,175.4754835771295,73.55431428740727,clc
0.0,69.04265117720979,141.1254733541358,86.04238425462677,0.0,clc
0.0,22.801296466610353,48.559162417310404,24.239483579424018,0.0,clc
0.0,131.39650707675497,108.46385346370498,37.14017900922789,0.0,clc
0.0,215.8086433439702,114.07576119722086,38.1187706505618,0.0,clc
93.95955527187675,0.0,167.742315755343,139.24587069977395,93.95955527187675,clc
79.7036369037707,0.0,135.721813374756,90.53663949815422,79.7036369037707,clc
59.20863100945827,0.0,157.655521623382,125.35521917031963,59.20863100945827,clc
0.0,82.3129787369594,40.474999389568666,66.84044843031347,0.0,clc
0.0,40.759548642379215,64.0208622856858,39.239146277851106,0.0,clc
9.866890752103956,0.0,46.93495446711681,51.131549791165114,9.866890752103956,clc
72.28489725466648,0.0,170.92081859359882,147.39521353739337,72.28489725466648,clc
115.59385500206876,0.0,185.56661463962487,172.31414952879183,115.59385500206876,clc
0.0,108.97403038614652,134.39753683921708,76.42612023949835,0.0,clc
0.0,148.75605415308044,94.33698826629421,77.82815391322464,0.0,clc
0.0,30.696496270989968,9.094912261045351,61.406147904141534,0.0,clc
34.081863536937874,0.0,78.46579455946875,115.56536105914466,34.081863536937874,clc
128.10330904558825,0.0,239.70304085270928,170.53332910022542,128.10330904558825,clc
23.52603773781206,0.0,111.77735646666127,77.82807910872609,23.52603773781206,clc
136.36764950997843,0.0,210.899490956918,188.27298845307791,136.36764950997843,clc
0.0,69.44676380257786,30.978418864774426,47.212209418492705,0.0,clc
0.0,46.2915529538073,93.79702586789517,70.14287665618167,0.0,clc
22.692682771614955,0.0,121.64250039780404,128.72575855353386,22.692682771614955,clc
100.05847720044886,0.0,164.029045633399,134.84180768435874,100.05847720044886,clc
0.0,161.57070592771743,63.241674775619515,54.457433450790575,0.0,clc
0.0,143.6259148466345,117.76682611979308,65.39155624341242,0.0,clc
0.0,103.56491233224334,39.33702805913182,56.254237050500755,0.0,clc
15.777254170593721,9.882186878940558,15.777254170593721,9.601397453687582,0.0,amine
20.7870519229659,0.0,20.7870519229659,20.044771046569508,34.036003348915784,amine
11.676509491006911,23.87173437155807,11.676509491006911,0.46483457137072115,0.0,amine
65.91182063257295,0.0,65.91182063257295,57.60878680825947,67.48310567455744,amine
33.18150846396973,0.0,33.18150846396973,9.79235594181866,27.263105283173932,amine
104.88127799022391,0.0,104.88127799022391,91.03842775803287,84.30710130269244,amine
125.36285207471914,0.0,125.36285207471914,94.09702695259054,52.66560017097686,amine
68.57409533018449,0.0,68.57409533018449,39.95028404530797,1.0726865909663275,amine
10.514308030756467,0.0,10.514308030756467,1.9842838870480364,20.389423920267575,amine
27.96708290878413,30.433805165196702,27.96708290878413,0.0,3.7984558699412574,amine
36.151616091204005,69.39230273001222,36.151616091204005,1.4611946038855592,0.0,amine
63.58145836661135,0.0,63.58145836661135,54.48886126620024,61.04239295489774,amine
50.74665489960215,0.0,50.74665489960215,34.48935066165656,56.86490972956835,amine
69.51126907737782,0.0,69.51126907737782,57.59826217834325,43.97004316044904,amine
0.0,7.2360768846681935,0.0,16.91740294255203,6.486323820357882,amine
11.30992920112348,0.0,11.30992920112348,3.059314296239279,10.000479449608122,amine
24.45532603207124,0.0,24.45532603207124,27.819220273702086,33.134033513316155,amine
71.8384942706615,0.0,71.8384942706615,62.7592906759736,42.06743988981418,amine
95.31935277017563,0.0,95.31935277017563,91.20589801409314,82.63979255928135,amine
38.3188581264983,3.9944065893477045,38.3188581264983,14.71518415266678,0.0,amine
33.477959796227395,46.06541827785608,33.477959796227395,27.832525550023405,0.0,amine
0.0,7.6239801048253355,0.0,26.67604342217669,16.697742258846716,amine
31.78476323028724,0.0,31.78476323028724,52.87487736990562,32.219782640484596,amine
117.77629183902908,0.0,117.77629183902908,85.03575765234245,82.52706129735398,amine
59.1371186141194,0.0,59.1371186141194,45.277335514043415,36.56069045911852,amine
86.21064277988202,0.0,86.21064277988202,78.11248875879122,72.30811699551643,amine
0.0,8.494675139222053,0.0,8.268344191590472,19.3201645784781,amine
32.53340401090645,11.15166919757388,32.53340401090645,23.233151960190696,0.0,amine
61.88113488981202,0.0,61.88113488981202,70.13492554097286,21.10758413023018,amine
62.65526336332954,0.0,62.65526336332954,51.77571528154135,58.35878846515919,amine
18.79861332180235,74.72617416430006,18.79861332180235,16.95675821353069,0.0,amine
43.22099082592683,41.40213398442448,43.22099082592683,18.063284357331995,0.0,amine
0.0,21.303026029186388,0.0,11.114350672318697,5.180862797404497,amine
118.27678410076582,148.60493055288777,145.40305440082244,118.27678410076582,0.0,oxy
94.07023181646449,0.0,101.86995247581197,94.07023181646449,27.90791065572438,oxy
76.26691094051981,214.12863558597516,121.61710937897203,76.26691094051981,0.0,oxy
181.8155653616764,0.0,214.85309492691175,181.8155653616764,116.19440655914624,oxy
52.78984043500898,42.592646938662384,149.01196606841302,52.78984043500898,0.0,oxy
339.42601945610545,0.0,385.1742965452563,339.42601945610545,248.21900765724877,oxy
246.85242336308565,0.0,331.4550856036101,246.85242336308565,97.77303010741994,oxy
124.18481979958653,160.3163164856603,194.57399453374853,124.18481979958653,0.0,oxy
64.6007245851084,61.588768596233365,101.40114302330534,64.6007245851084,0.0,oxy
77.70170481652188,246.4760907296725,185.87506334942637,77.70170481652188,0.0,oxy
70.06987307486895,365.9667431834269,176.92252118256872,70.06987307486895,0.0,oxy
221.32465414155627,0.0,266.35094186067005,221.32465414155627,124.98498758313508,oxy
148.26283221118464,0.0,219.1458555505025,148.26283221118464,102.84368623622552,oxy
180.9751468756386,0.0,228.75413608480716,180.9751468756386,65.95462610466079,oxy
114.09730568746753,172.7897258183052,78.35525354546519,114.09730568746753,0.0,oxy
83.57702142464746,93.24590067419831,121.60426448418656,83.57702142464746,0.0,oxy
86.06094717689857,27.838195671647327,79.45200923352735,86.06094717689857,0.0,oxy
248.92067660320936,0.0,279.6754374606727,248.92067660320936,133.2678834450727,oxy
238.46789788011395,0.0,255.88396125578765,238.46789788011395,142.04723867902143,oxy
132.6182444450469,253.1695858694319,216.41023923402406,132.6182444450469,0.0,oxy
118.55808552182219,253.66911840282813,140.3247599544937,118.55808552182219,0.0,oxy
105.57473853863148,68.44764913363018,30.24962568022785,105.57473853863148,0.0,oxy
180.1993095330409,0.0,128.40011724403342,180.1993095330409,48.463588984796104,oxy
245.17429673298085,0.0,339.9801065881652,245.17429673298085,170.71173497237157,oxy
94.44390757151041,4.337303294372077,142.80228059139796,94.44390757151041,0.0,oxy
299.8599039742586,0.0,333.1573052720323,299.8599039742586,205.25823363595802,oxy
105.50571600782682,166.06869888736736,79.80492183168917,105.50571600782682,0.0,oxy
109.38038971759633,68.79413014994176,141.53937234554994,109.38038971759633,0.0,oxy
183.68036001085065,0.0,174.59485400841552,183.68036001085065,32.91573662952234,oxy
229.0995450056048,0.0,272.3788655194322,229.0995450056048,156.86147997515735,oxy
82.47021307912689,220.1175404417641,94.65465678930224,82.47021307912689,0.0,oxy
102.74177073960303,246.079450531656,172.57685477560887,102.74177073960303,0.0,oxy
98.51736299512717,193.58122416820285,75.1399782159533,98.51736299512717,0.0,oxy
82.47647986066548,82.47647986066548,87.54929321874599,68.5775246149758,0.0,ref
0.0,0.0,59.69602980498078,54.742825959107705,29.401108909105744,ref
114.69895524180268,114.69895524180268,69.50669464147347,39.5203111962222,0.0,ref
0.0,0.0,147.09860660272693,124.78612771874502,95.62197359599564,ref
3.5383885617513045,3.5383885617513045,79.6220180794595,17.762310455362215,0.0,ref
0.0,0.0,244.16143159370336,211.25504271481225,158.3094783017665,ref
0.0,0.0,239.31477306325368,175.4726277731166,73.55145848339433,ref
68.93732473966952,68.93732473966952,140.87466479003558,86.04238425462631,0.0,ref
22.67830917402705,22.67830917402705,48.41948861218512,24.23948357942399,0.0,ref
131.16835818352615,131.16835818352615,108.2683762175999,37.14017900922784,0.0,ref
215.46998101707462,215.46998101707462,113.86413972615398,38.118770650561856,0.0,ref
0.0,0.0,167.52236269396064,139.19470302685198,93.90838759895475,ref
0.0,0.0,135.54632035095844,90.50644851486462,79.67344592048103,ref
0.0,0.0,157.44307088535626,125.32281427021385,59.17622610935251,ref
82.13074469853586,82.13074469853586,40.33043667772645,66.84044843031361,0.0,ref
40.62479716131055,40.62479716131055,63.86551375940796,39.23914627785096,0.0,ref
0.0,0.0,46.863622950708546,51.175209446452115,9.9105504073909,ref
0.0,0.0,170.77249247280156,147.48688986216632,72.37657357943954,ref
0.0,0.0,185.325474162547,172.2562925786655,115.53599805194266,ref
108.80656410066001,108.80656410066001,134.14903187437199,76.42612023949869,0.0,ref
148.49936498389403,148.49936498389403,94.13570598949957,77.82815391322487,0.0,ref
30.564350851105843,30.564350851105843,9.001433546184415,61.406147904141505,0.0,ref
0.0,0.0,78.38968396711397,115.6169579884774,34.13346046627066,ref
0.0,0.0,239.39863983678342,170.45632198605398,128.02630193141667,ref
0.0,0.0,111.61512532123751,77.8358406959128,23.533799324998796,ref
0.0,0.0,210.6347485956524,188.16080070621138,136.2554617631119,ref
69.2696009764569,69.2696009764569,30.847386280239746,47.21220941849266,0.0,ref
46.13721694520984,46.13721694520984,93.60727898990427,70.14287665618139,0.0,ref
0.0,0.0,121.50770015011733,128.79292158212525,22.759845800206165,ref
0.0,0.0,163.84011645235,134.8075715290188,100.02424104510891,ref
161.25037651019517,161.25037651019517,63.0897440566485,54.457433450790745,0.0,ref
143.3769878209227,143.3769878209227,117.54444470047656,65.39155624341245,0.0,ref
103.34652457441706,103.34652457441706,39.201566989972946,56.2542370505007,0.0,ref
0.0,40.89648977666752,40.45828236683229,34.09810784395097,0.0,clc
35.200064916550645,0.0,37.42851600822419,37.56454814276552,35.200064916550645,clc
0.0,70.21405771415544,32.32736595155423,17.053393614070636,0.0,clc
74.266111071631,0.0,93.12696785677267,82.48251144137707,74.266111071631,clc
9.044759101677737,0.0,40.986098412848754,6.613213889193766,9.044759101677737,clc
145.7404804646975,0.0,189.54010763864528,172.8373528969621,145.7404804646975,clc
72.3427336982879,0.0,179.71349854807588,142.09852464854865,72.3427336982879,clc
0.0,82.69507889853787,98.19426060888202,65.25697383304043,0.0,clc
6.427447531879295,0.0,17.148922677730752,5.8773223779111845,6.427447531879295,clc
0.0,78.56252589187955,54.4775080005042,14.605216467039504,0.0,clc
0.0,153.58783460536222,64.46191125400847,18.344189822411437,0.0,clc
72.15519806065964,0.0,98.54409775401076,85.99770227909825,72.15519806065964,clc
65.95554479478812,0.0,81.81691220854981,58.17116596747505,65.95554479478812,clc
43.7079772473334,0.0,95.38919970328591,80.02875352749744,43.7079772473334,clc
0.0,62.26208749105186,13.06234711780445,37.95734736466645,0.0,clc
0.0,11.08981858455914,22.778303836309874,11.915136435587499,0.0,clc
12.139735231797829,0.0,19.784051859936625,26.36689165729365,12.139735231797829,clc
107.1181787611713,0.0,161.56281585328497,152.50962877734185,107.1181787611713,clc
96.965539657213,0.0,131.45284106675646,128.76751374169842,96.965539657213,clc
0.0,92.8388952646552,73.34368277418048,42.46800650004184,0.0,clc
0.0,119.08920562315882,57.5714839063786,52.91554276432913,0.0,clc
8.074506104791254,16.415538666815763,0.0,39.3971452654512,8.074506104791254,clc
47.16700175278339,0.0,62.65667608439958,93.44884049637835,47.16700175278339,clc
107.79356472265543,0.0,169.80042186605783,127.58949654987448,107.79356472265543,clc
15.22132627562712,0.0,61.89100184644471,44.299298229933015,15.22132627562712,clc
107.73421562122651,0.0,144.32112478826923,134.2147718283245,107.73421562122651,clc
1.4034627058846922,32.75831203488511,0.0,14.57545276778501,1.4034627058846922,clc
0.0,17.224540061045502,55.15609925592753,45.0910081383621,0.0,clc
34.701494161182325,0.0,99.16827316710152,112.55446534957008,34.701494161182325,clc
91.79114291944649,0.0,116.80153057108242,102.42852060403516,91.79114291944649,clc
0.0,99.50163797947476,34.524948170231085,33.24978415223114,0.0,clc
0.0,109.07976643846894,70.20088467908863,39.553187124623946,0.0,clc
0.0,68.62117695945105,11.508177984295571,28.477797348128867,0.0,clc
139.40999126515226,131.93382691012584,139.40999126515226,117.98945676553045,0.0,amine
93.83802333453716,0.0,93.83802333453716,89.06688083417211,25.28927756254558,amine
115.73742100065002,182.2410612380129,115.73742100065002,74.57983911115352,0.0,amine
209.6380897962582,0.0,209.6380897962582,180.93381442636016,118.74646491056676,amine
141.7620774543154,26.436594800798765,141.7620774543154,50.60029968780021,0.0,amine
331.2646748316041,0.0,331.2646748316041,290.95538265028904,201.12846939759686,amine
307.763645081965,0.0,307.763645081965,231.2190446408675,84.84650959053616,amine
181.5076803489295,93.13944581428825,181.5076803489295,117.7057611022974,0.0,amine
95.61931809067346,56.92813772767471,95.61931809067346,63.022529685083384,0.0,amine
176.77329766133914,210.77926220075506,176.77329766133914,74.00095233798623,0.0,amine
168.6758574771578,308.51485056401515,168.6758574771578,67.70359383011493,0.0,amine
259.20399236561883,0.0,259.20399236561883,219.52287773703364,123.85770997630124,amine
209.06149430065724,0.0,209.06149430065724,142.32712530988178,100.04213652174187,amine
228.83043266396032,0.0,228.83043266396032,186.19869628600975,73.77252568017319,amine
69.5891886194766,125.29252689340362,69.5891886194766,109.45363618096863,0.0,amine
115.66015872990143,80.33181451620023,115.66015872990143,82.32648127189573,0.0,amine
73.95111555047271,4.15673840057849,73.95111555047271,84.07773492805842,0.0,amine
217.37394363305145,0.0,217.37394363305145,193.38438501725034,78.88849450646308,amine
243.56257850058822,0.0,243.56257850058822,230.83923256834078,137.91228824244504,amine
205.55908422352377,170.9762995776273,205.55908422352377,128.6381759179544,0.0,amine
130.4763164139908,201.0606152074564,130.4763164139908,114.16042710100703,0.0,amine
26.812310379569354,56.8298109317402,26.812310379569354,105.13522347557672,0.0,amine
108.01000556524139,0.0,108.01000556524139,163.87338834484217,32.6027562568251,amine
319.7723769137975,0.0,319.7723769137975,231.48467081680252,157.6098530226559,amine
155.2868380756494,0.0,155.2868380756494,111.7285468940772,19.643723714203162,amine
302.39825865387684,0.0,302.39825865387684,273.7665233091234,182.29808898552122,amine
72.77228456221707,131.8537692540357,72.77228456221707,102.6477424464819,0.0,amine
133.65858291251342,69.39961293351061,133.65858291251342,106.59314660047934,0.0,amine
153.86045051689334,0.0,153.86045051689334,168.4837511893812,22.371013563432456,amine
238.0551488002577,0.0,238.0551488002577,199.44949397264998,128.13788773122428,amine
89.74863965249438,214.23803918797415,89.74863965249438,82.37449739153698,0.0,amine
165.08574842113677,198.96901322528765,165.08574842113677,101.16543077454875,0.0,amine
68.9384605538869,156.00702550702073,68.9384605538869,96.44078657377659,0.0,amine
33.816003901635355,34.33710968459039,42.761456085346,33.816003901635355,0.0,oxy
32.22204187377042,0.0,33.47297923097412,32.22204187377042,31.701559783619416,oxy
15.575122806993885,51.046184957823584,32.59844558970838,15.575122806993885,0.0,oxy
84.4064954166323,0.0,96.65161131493544,84.4064954166323,79.39202405343494,oxy
15.208085550222421,0.0,51.71151084515812,15.208085550222421,19.44721247458427,oxy
126.44745486267323,0.0,145.7970499223061,126.44745486267323,100.78255822102267,oxy
124.03552471436373,0.0,165.45197845939012,124.03552471436373,57.395654590845,oxy
57.345239535101996,6.284623625322865,94.15525596624627,57.345239535101996,0.0,oxy
2.956532910480746,0.0,16.03013786326528,2.956532910480746,4.8680231934184235,oxy
11.43618149765291,58.0697980566303,54.2952469462909,11.43618149765291,0.0,oxy
15.968183045954106,112.03871706669219,65.06632247438648,15.968183045954106,0.0,oxy
86.5939991982212,0.0,101.13852936840433,86.5939991982212,73.28598055683497,oxy
54.615241294516544,0.0,80.43578823079008,54.615241294516544,64.90091030398827,oxy
86.03788028571233,0.0,103.94055696230795,86.03788028571233,52.043566514609566,oxy
32.91295211273962,19.885206006998402,10.054316280423592,32.91295211273962,0.0,oxy
10.870502321444292,6.208097944058977,23.730359511123027,10.870502321444292,0.0,oxy
42.700621595918406,0.0,37.60367666879944,42.700621595918406,30.15529712499105,oxy
81.23223391161935,0.0,93.16399544040996,81.23223391161935,37.220031235173224,oxy
123.08239477504044,0.0,128.75654335337256,123.08239477504044,95.11959755425636,oxy
38.718808889489765,23.191864235059484,73.26943692568511,38.718808889489765,0.0,oxy
47.90712553317263,72.228756156158,55.527001420815566,47.90712553317263,0.0,oxy
38.44588062935023,11.01888247288369,0.0,38.44588062935023,7.545121801230238,oxy
74.25774671789526,0.0,44.71201449539939,74.25774671789526,28.44715883833129,oxy
116.57510745482683,0.0,161.5948938926535,116.57510745482683,97.40517770466506,oxy
64.86176133587819,0.0,84.82707218090727,64.86176133587819,38.08269928761908,oxy
115.07709664927229,0.0,127.09578444225296,115.07709664927229,91.48708516582953,oxy
12.948233414154743,13.39798893399346,0.0,12.948233414154743,2.0798039224601013,oxy
42.138306624843324,25.62833048457975,55.04436632118325,42.138306624843324,0.0,oxy
90.76806575580781,0.0,80.22329768980723,90.76806575580781,18.464822192355143,oxy
77.0118119911067,0.0,93.2866740485174,77.0118119911067,67.21240555045654,oxy
33.1387312547439,109.18633488799827,35.66454894291212,33.1387312547439,0.0,oxy
37.794682533847805,69.19603820767816,71.63449611103205,37.794682533847805,0.0,oxy
26.3378657832514,40.65876820342129,10.94355371679444,26.3378657832514,0.0,oxy
68.57752461497572,78.70240601358665,83.92637214120373,68.57752461497572,0.0,oxy
55.32646261358718,0.0,58.463821692469935,55.32646261358718,29.98474556358522,oxy
39.52031119622224,111.11831551004556,66.9984634846183,39.52031119622224,0.0,oxy
123.6509466298894,0.0,143.48373198659252,123.6509466298894,94.48679250714005,oxy
17.7623104553623,2.349449453352932,76.61435554898674,17.7623104553623,0.0,oxy
209.71260974264294,0.0,239.07909547225324,209.71260974264294,156.76704532959718,oxy
175.4208119653882,0.0,233.98776912451214,175.4208119653882,73.49964267566583,oxy
86.04238425462643,67.02627817920052,136.32398544538012,86.04238425462643,0.0,oxy
24.239483579424046,20.446823442975415,45.885242214914996,24.239483579424046,0.0,oxy
37.14017900922794,127.02881669837052,104.72163023867388,37.14017900922794,0.0,oxy
38.11877065056183,209.32527993260695,110.02447236580426,38.11877065056183,0.0,oxy
138.26631498270302,0.0,163.53152666800952,138.26631498270302,92.9799995548057,oxy
89.95866225986087,0.0,132.3621687993807,89.95866225986087,79.12565966547731,oxy
124.73485863119427,0.0,153.588357276349,124.73485863119427,58.588270470332844,oxy
66.84044843031347,78.82428394220182,37.70748578627746,66.84044843031347,0.0,oxy
39.23914627785098,38.17986158360435,61.046864674227805,39.23914627785098,0.0,oxy
51.967371756469674,0.0,45.56938142627335,51.967371756469674,10.702712717408502,oxy
149.15026829995827,0.0,168.08125815786286,149.15026829995827,74.03995201723149,oxy
171.20653405534972,0.0,180.9502129263996,171.20653405534972,114.4862395286269,oxy
76.42612023949789,105.76804996926353,129.64014911501397,76.42612023949789,0.0,oxy
77.82815391322498,143.8419877352039,90.48363333104311,77.82815391322498,0.0,oxy
61.40614790414142,28.166699738526518,7.305352479694022,61.40614790414142,0.0,oxy
116.55313447593323,0.0,77.00873072182793,116.55313447593323,35.06963695372633,oxy
169.05910221762318,0.0,233.87557717487428,169.05910221762318,126.62908216298598,oxy
77.97666720484406,0.0,108.6715977539472,77.97666720484406,23.67462583392998,oxy
186.12526230973754,0.0,205.83125394868125,186.12526230973754,134.21992336663806,oxy
47.212209418492606,66.05515247321836,28.46992649109839,47.212209418492606,0.0,oxy
70.14287665618161,43.33693901617755,90.16450501013162,70.14287665618161,0.0,oxy
130.0115299180561,0.0,119.06187974918817,130.0115299180561,23.978454136137202,oxy
134.18638953108535,0.0,160.41217879444372,134.18638953108535,99.40305904717565,oxy
54.45743345079069,155.43830837353528,60.333107786575056,54.45743345079069,0.0,oxy
65.3915562434124,138.86044717447407,113.50954846337311,65.3915562434124,0.0,oxy
56.254237050500784,99.38408947084308,36.74375662117953,56.254237050500784,0.0,oxy
33.81600390163541,36.02931491358564,44.603183484600635,33.81600390163541,0.0,oxy
32.012355687622886,0.0,34.0670849647087,32.012355687622886,31.49187359747171,oxy
15.575122806993868,52.5660941597598,33.790929268585884,15.575122806993868,0.0,oxy
84.92534292182597,0.0,98.36706293520066,84.92534292182597,79.91087155862871,oxy
14.737256224488785,0.0,52.62932891211864,14.737256224488785,18.976383148850623,oxy
127.1970216807864,0.0,148.38477486673685,127.1970216807864,101.53212503913551,oxy
124.09833925437405,0.0,168.38855510475426,124.09833925437405,57.45846913085549,oxy
57.34523953510222,7.225758577204147,96.65599056237761,57.34523953510222,0.0,oxy
2.0441065935392544,0.0,16.31465382318055,2.0441065935392544,3.955596876476818,oxy
11.436181497652889,59.7982671781011,55.95672225638171,11.436181497652889,0.0,oxy
15.968183045954191,114.82692189130881,67.02082293220742,15.968183045954191,0.0,oxy
86.99336472820046,0.0,102.93361846951552,86.99336472820046,73.68534608681426,oxy
54.85478581115731,0.0,81.86342819840752,54.85478581115731,65.14045482062906,oxy
86.31377594887402,0.0,105.78537873430372,86.31377594887402,52.31946217777134,oxy
32.912952112739674,21.412774536313975,11.407398161450004,32.912952112739674,0.0,oxy
10.870502321444206,7.21134184778856,25.04460280313984,10.870502321444206,0.0,oxy
42.39771178040658,0.0,38.2710973893835,42.39771178040658,29.85238730947924,oxy
80.46413662880968,0.0,94.81754600986596,80.46413662880968,36.4519339523639,oxy
123.61368583828978,0.0,131.0418194901106,123.61368583828978,95.6508886175057,oxy
38.71880888948931,24.518675711775245,75.48506600246299,38.71880888948931,0.0,oxy
47.90712553317263,74.47468696308948,57.47649586386018,47.90712553317263,0.0,oxy
37.600250699999634,11.214454585282567,0.0,37.600250699999634,6.699491871879701,oxy
73.86265271868098,0.0,45.50559979281911,73.86265271868098,28.05206483911695,oxy
117.26579021146567,0.0,164.46301185554472,117.26579021146567,98.09586046130396,oxy
64.8242043532147,0.0,86.33265223731149,64.8242043532147,38.04514230495553,oxy
115.99602831056465,0.0,129.3515840754315,115.99602831056465,92.40601682712189,oxy
11.875126715732677,13.635787368105724,0.0,11.875126715732677,1.0066972240379926,oxy
42.13830662484321,26.896707638486077,56.83484326888669,42.13830662484321,0.0,oxy
90.19505821026672,0.0,81.64716620201017,90.19505821026672,17.89181464681417,oxy
77.3053406736189,0.0,94.94240201795861,77.3053406736189,67.50593423296857,oxy
33.138731254743846,112.00405730696139,37.17734674542646,33.138731254743846,0.0,oxy
37.79468253384775,71.32661841251655,73.80835605538378,37.79468253384775,0.0,oxy
26.337865783251402,42.44221218048601,12.199587833391192,26.337865783251402,0.0,oxy
134.35274320251983,134.35274320251983,133.14797732000494,118.2767841007658,0.0,ref
0.0,0.0,97.49164647506547,96.74169667089888,30.579375510158968,ref
199.83906829298803,199.83906829298803,112.54717330076991,76.2669109405198,0.0,ref
0.0,0.0,201.78467795886854,177.5744476761494,111.95328887361926,ref
37.55574852166578,37.55574852166578,137.81256491037612,52.78984043500895,0.0,ref
0.0,0.0,368.0269183638435,333.9997512073709,242.79273940851442,ref
0.0,0.0,314.83794950868105,246.88254013501935,97.80314687935359,ref
153.76885062755048,153.76885062755048,180.35320240270005,124.18481979958631,0.0,ref
52.40861670610664,52.40861670610664,92.17620852698187,64.60072458510851,0.0,ref
229.70035613438975,229.70035613438975,172.860302603833,77.70170481652214,0.0,ref
343.0338893577716,343.0338893577716,163.95444662505585,70.0698730748689,0.0,ref
0.0,0.0,251.10062505091327,217.62874543326814,121.28907887484698,ref
0.0,0.0,206.9429929722236,146.11457560296523,100.69542962800617,ref
0.0,0.0,214.90985233253684,178.82401451178106,63.80349374080335,ref
160.73003786343915,160.73003786343915,69.62676677664041,114.09730568746758,0.0,ref
83.17498987918322,83.17498987918322,111.21025175925726,83.57702142464746,0.0,ref
24.412749675826007,24.412749675826007,71.74112445708187,86.06094717689845,0.0,ref
0.0,0.0,272.20324318870667,254.91162613840334,139.2588329802668,ref
0.0,0.0,241.49704474937866,234.91624293715833,138.49558373606587,ref
241.40260749051936,241.40260749051936,200.63728495069245,132.6182444450468,0.0,ref
237.32111195049816,237.32111195049816,128.57133135609428,118.55808552182219,0.0,ref
59.14425361630671,59.14425361630671,24.400904317333058,105.57473853863141,0.0,ref
0.0,0.0,124.31337472521614,183.87864296383322,52.14292241558866,ref
0.0,0.0,321.7026766368947,240.33937038946374,165.87680862885472,ref
3.635851109319333,3.635851109319333,132.20454303024195,94.44390757151015,0.0,ref
0.0,0.0,315.6179512312084,292.1689897561712,197.56731941787083,ref
152.7113910316608,152.7113910316608,70.7534965645913,105.50571600782655,0.0,ref
58.39566979693663,58.39566979693663,130.1608699460281,109.38038971759616,0.0,ref
0.0,0.0,167.3774089608431,188.01333630153877,37.248712920210465,ref
0.0,0.0,260.1778007174893,226.84219776650423,154.60413273605621,ref
199.84287638964844,199.84287638964844,86.01810758086145,82.47021307912684,0.0,ref
229.9164058102897,229.9164058102897,159.7000247199524,102.74177073960323,0.0,ref
178.74574152101764,178.74574152101764,66.87469550815177,98.51736299512707,0.0,ref
74.93760032702389,74.93760032702389,80.31234803161811,68.57752461497586,0.0,ref
0.0,0.0,57.23463956806606,55.908666005651554,30.56694895564968,ref
107.5464689140691,107.5464689140691,64.49639190224816,39.52031119622215,0.0,ref
0.0,0.0,139.87773457836263,122.51855325557588,93.35439913282659,ref
1.1634300754492415,1.1634300754492415,73.6140790687715,17.762310455362257,0.0,ref
0.0,0.0,234.00924026900384,208.173964591526,155.22840017848046,ref
0.0,0.0,228.67384694558095,175.36912340403651,73.44795411431411,ref
65.11992466051981,65.11992466051981,131.784481405801,86.04238425462688,0.0,ref
18.220817670393586,18.220817670393586,43.35721927890927,24.239483579424075,0.0,ref
122.89944086881728,122.89944086881728,101.1835941611367,37.14017900922805,0.0,ref
203.19566866309296,203.19566866309296,106.19423424686997,38.11877065056194,0.0,ref
0.0,0.0,159.55049111506963,137.34020682224536,92.05389139434813,ref
0.0,0.0,129.18583670997648,89.41222122785638,78.57921863347285,ref
0.0,0.0,149.7431098584974,124.14834686091152,58.001758700050104,ref
75.52594300817981,75.52594300817981,35.090976191653425,66.84044843031359,0.0,ref
35.740930142622446,35.740930142622446,58.23513747060569,39.239146277850935,0.0,ref
0.0,0.0,44.278318228145494,52.75758871837222,11.492929679311032,ref
0.0,0.0,165.3966328263798,150.80956190555423,75.69924562282722,ref
0.0,0.0,176.58569621330065,170.1593534705935,113.43905894387058,ref
102.73699765177003,102.73699765177003,125.14233901900582,76.42612023949823,0.0,ref
139.1960478143652,139.1960478143652,86.8405292293732,77.82815391322504,0.0,ref
25.77493664411375,25.77493664411375,5.613436554695454,61.406147904141505,0.0,ref
0.0,0.0,75.631168744668,117.4870119532718,36.00351443106496,ref
0.0,0.0,228.36607774287646,167.66531366374065,125.23529360910342,ref
0.0,0.0,105.73529873784128,78.11714787987214,23.815106508957967,ref
0.0,0.0,201.0395554565364,184.0947226751743,132.18938373207476,ref
62.84859783372114,62.84859783372114,26.098305135395222,47.21220941849266,0.0,ref
40.543537853839894,40.543537853839894,86.73018560309822,70.14287665618156,0.0,ref
0.0,0.0,116.62206565788307,131.2271456634549,25.194069881535768,ref
0.0,0.0,156.99265927506343,133.56673299733188,98.78340251342217,ref
149.64051319034786,149.64051319034786,57.58324111043919,54.45743345079063,0.0,ref
134.3549979971873,134.3549979971873,109.48456089989568,65.39155624341254,0.0,ref
95.43138509487585,95.43138509487585,34.29198200630602,56.254237050500734,0.0,ref
127.82455010917451,111.32147436981842,127.82455010917451,117.70212943029512,0.0,amine
83.25897886221179,0.0,83.25897886221179,84.51194438340733,23.119059000894424,amine
105.87200501215602,146.3653463262693,105.87200501215602,72.89276728178736,0.0,amine
199.3583625364907,0.0,199.3583625364907,178.63564104174657,119.88210081268979,amine
129.58148644812715,9.104746692927606,129.58148644812715,48.41075894059157,0.0,amine
270.2614147829711,0.0,270.2614147829711,240.61375563921058,152.16694093268222,amine
276.4470398950133,0.0,276.4470398950133,215.2682979818409,71.6026211368436,amine
162.67271774814049,24.26992322431761,162.67271774814049,111.22670240500815,0.0,amine
85.76458106059329,50.02214427696123,85.76458106059329,61.444334785058345,0.0,amine
162.02267099837798,170.50058885516205,162.02267099837798,70.30019985944993,0.0,amine
154.7266719968767,244.70168265836264,154.7266719968767,65.33731458536141,0.0,amine
245.48372834444427,0.0,245.48372834444427,216.37994835526746,121.38927939222367,amine
193.85049044833053,0.0,193.85049044833053,135.57151839741803,96.42068679609714,amine
222.9351052357853,0.0,222.9351052357853,190.561468961674,80.72964852097874,amine
57.34604617115798,74.7523238021378,57.34604617115798,104.80996667446962,0.0,amine
105.07181747667539,64.72730402638282,105.07181747667539,81.07594111914375,0.0,amine
85.28600920043066,0.0,85.28600920043066,102.24727700524195,20.152754326023683,amine
150.30161672907866,0.0,150.30161672907866,139.05596509682675,25.71697723338866,amine
225.36140157747886,0.0,225.36140157747886,221.92639519078406,132.493165740085,amine
187.85841580140357,85.61005016596175,187.85841580140357,124.65810739086066,0.0,amine
115.75277660962823,143.95893763517728,115.75277660962823,109.76276868019156,0.0,amine
20.78582337814612,42.865002450286966,20.78582337814612,104.69570841252215,0.0,amine
84.87279972442388,0.0,84.87279972442388,148.2570921042858,17.45154847649644,amine
291.8105074620457,0.0,291.8105074620457,216.10116835954176,142.81409453185753,amine
167.42368241366856,0.0,167.42368241366856,133.28547945013608,43.55974066189819,amine
264.97533460452564,0.0,264.97533460452564,245.1769758968945,156.84177758799026,amine
61.91179432934429,93.88300426460057,61.91179432934429,99.789768885137,0.0,amine
120.87363141556793,67.46636647478763,120.87363141556793,103.8059034833627,0.0,amine
129.33580442556118,0.0,129.33580442556118,154.24092904630052,12.780077175731236,amine
198.3706819756759,0.0,198.3706819756759,168.8868276241255,98.50168017172194,amine
81.0026960064913,202.8820557618701,81.0026960064913,82.27878170394683,0.0,amine
151.84347337525307,147.6392814938999,151.84347337525307,99.58909080949456,0.0,amine
59.224185219985465,114.68519720667042,59.224185219985465,94.36421015242605,0.0,amine
